"Identifiant Airtable";"Numéro d'action DPC";"Nom de la formation";"Format";"Modalité pédagogique";"URL Webflow";"Sujet proposé (à vérifier)"
"recvGoB7Dr3aETEvY";"92622525478";"Accompagnement de la femme à la ménopause, Programme intégré (E-learning)";"E-Learning";"Programme intégré";"www.medere.fr/formation/accompagnement-femme-a-la-menopause";"Accompagnement de la femme à la ménopause"
"recye2kJ85vtqWAz2";"00000000003";"Accueillir le patient malentendant en structure médicale";"E-Learning";"Formation continue";"www.medere.fr/formation/accueillir-et-communiquer-avec-les-patients-malentendants";"Accueillir le patient malentendant en structure médicale"
"recQWH20nxMlRbpoP";"92622525480";"Actualités du suivi gynécologique en médecine générale, Programme intégré (Présentiel)";"Présentiel";"Programme intégré";"www.medere.fr/formation/actualites-suivi-gynecologique-medecine-generale";"Actualités du suivi gynécologique en médecine générale"
"rect22Gch84c0gR4k";"92622525448";"Addiction aux substances illicites et chemsex : repérage, accompagnement et prise en charge, Programme intégré (Classe virtuelle)";"Classe virtuelle";"Programme intégré";"www.medere.fr/formation/addiction-aux-substances-illicites";"Addiction aux substances illicites et chemsex : repérage, accompagnement et prise en charge"
"recyaYa24wBWt0SrF";"92622626016";"Améliorer le diagnostic précoce de l’endométriose : du repérage au test salivaire, Programme intégré (Classe virtuelle)";"Classe virtuelle";"Programme intégré";"www.medere.fr/formation/ameliorer-diagnostic-precoce-endometriose-classe-virtuelle";"Améliorer le diagnostic précoce de l’endométriose : du repérage au test salivaire"
"recMqGdbzDF4F8Bf7";"92622626015";"Améliorer le diagnostic précoce de l’endométriose : du repérage au test salivaire, Programme intégré (Présentiel)";"Présentiel";"Programme intégré";"www.medere.fr/formation/ameliorer-diagnostic-precoce-endometriose";"Améliorer le diagnostic précoce de l’endométriose : du repérage au test salivaire"
"rec7q0Unql3Gi4U7A";"92622525460";"Anciens grands prématurés : spécificité de la prise en charge et parcours de soins, Programme intégré (Présentiel)";"Présentiel";"Programme intégré";"www.medere.fr/formation/anciens-grands-prematures";"Anciens grands prématurés : spécificité de la prise en charge et parcours de soins"
"rec3xVFOgWgF9bl3M";"00000000001";"Attestation Formation aux Gestes et Soins d’Urgence AFGSU (Niveau 2)";"Présentiel";"";"www.medere.fr/formation/afgsu-2";"Attestation Formation aux Gestes et Soins d’Urgence AFGSU (Niveau 2)"
"recdm16jBBSFBht8c";"92622425373";"Bon usage des médicaments : juste prescription chez le sujet âgé, Programme intégré (E-learning)";"E-Learning";"Programme intégré";"www.medere.fr/formation/bon-usage-des-medicaments-personne-agee";"Bon usage des médicaments : juste prescription chez le sujet âgé"
"recbaoaMUadjveAkp";"92622525466";"Chirurgie guidée : principes, protocoles et pratiques cliniques, Programme intégré (Présentiel)";"Présentiel";"Programme intégré";"www.medere.fr/formation/chirurgie-guidee-principes-protocoles-pratiques-cliniques";"Chirurgie guidée : principes, protocoles et pratiques cliniques"
"reczJGDlvInc5AtSz";"92622425408";"Chirurgie muco-gingivale : vers une optimisation des résultats, Programme intégré (Présentiel)";"Présentiel";"Programme intégré";"www.medere.fr/formation/chirurgie-muco-gingivale";"Chirurgie muco-gingivale : vers une optimisation des résultats"
"recNlZG62AvQwFLCC";"92622626022";"Contraception de la femme et du couple : améliorer ses pratiques, EPP (Classe virtuelle)";"Classe virtuelle";"Test de concordance de script";"";"Contraception de la femme et du couple : améliorer ses pratiques, EPP"
"recZL9f41B4pIDHuC";"92622325150";"Croissance et développement du petit enfant : dépister les anomalies pour mieux prendre en charge à l’examen (E-learning)";"Hybride";"Formation continue";"www.medere.fr/formation/troubles-oralite-alimentaire";"Croissance et développement du petit enfant : dépister les anomalies pour mieux prendre en charge à l’examen"
"recIBU1WIDSdTrkdw";"92622325266";"Croissance et développement du petit enfant : dépister les anomalies pour mieux prendre en charge à l’examen, en médecine de ville (E-learning)";"Hybride";"Formation continue";"www.medere.fr/formation/croissance-du-petit-enfant";"Croissance et développement du petit enfant : dépister les anomalies pour mieux prendre en charge à l’examen, en médecine de ville"
"recWbp9x4fE5FVU2h";"92622425405";"Dangers des écrans pour les enfants, Programme intégré (Présentiel)";"Présentiel";"Programme intégré";"www.medere.fr/formation/dangers-des-ecrans-pour-les-enfants";"Dangers des écrans pour les enfants"
"rec3ioeLsLsC3PTT3";"92622525442";"De la prévention à la restauration : moderniser la prise en charge de la maladie carieuse, Programme intégré (E-learning)";"E-Learning";"Programme intégré";"www.medere.fr/formation/maladie-carieuse-prevention-restauration";"De la prévention à la restauration : moderniser la prise en charge de la maladie carieuse"
"recQmPLF2xOz1M2W9";"92622325319";"Démarche diagnostique du médecin généraliste devant des symptômes ORL (E-learning)";"E-Learning";"Formation continue";"www.medere.fr/formation/diagnostic-orl";"Démarche diagnostique du médecin généraliste devant des symptômes ORL"
"recSu0RuzUgXHBimp";"92622325329";"Démarche diagnostique du médecin généraliste devant des symptômes ORL pédiatriques (E-learning)";"E-Learning";"Formation continue";"www.medere.fr/formation/orl-pediatrique";"Démarche diagnostique du médecin généraliste devant des symptômes ORL pédiatriques"
"recwjK2vKhrFeZcuA";"92622525449";"Démarche diagnostique face à une douleur de hanche, Programme intégré (Présentiel)";"Présentiel";"Programme intégré";"www.medere.fr/formation/douleur-de-hanche";"Démarche diagnostique face à une douleur de hanche"
"recKtSqNo2hS3beJT";"92622525483";"Dépistage d’un trouble du spectre autistique au cours des examens obligatoires de l’enfant, Programme intégré (Classe virtuelle)";"Classe virtuelle";"Programme intégré";"www.medere.fr/formation/depistage-trouble-spectre-autistique";"Dépistage d’un trouble du spectre autistique au cours des examens obligatoires de l’enfant"
"recVLqKXhaBVQHLFJ";"92622425429";"Dépistage des troubles du sommeil dans le suivi de l’enfant, Programme intégré (Classe virtuelle)";"Classe virtuelle";"Programme intégré";"www.medere.fr/formation/trouble-du-sommeil-chez-l-enfant";"Dépistage des troubles du sommeil dans le suivi de l’enfant"
"recZ7Ush9FioRFZoT";"92622425431";"Dépistage et prise en charge des Infections Sexuellement Transmissibles (IST), Programme intégré (Présentiel)";"Présentiel";"Programme intégré";"www.medere.fr/formation/infections-sexuellement-transmissibles";"Dépistage et prise en charge des Infections Sexuellement Transmissibles (IST)"
"recvQriHHFd15090z";"92622325273";"Dépistage et prise en charge du surpoids et de l’obésité infantile et de l’adolescent (Classe virtuelle)";"Classe virtuelle";"Formation continue";"www.medere.fr/formation/surpoids-infantile";"Dépistage et prise en charge du surpoids et de l’obésité infantile et de l’adolescent"
"recOmHcjsU5SL3X8u";"92622425403";"Dermoscopie en médecine générale, Programme intégré (Présentiel)";"Présentiel";"Programme intégré";"www.medere.fr/formation/dermoscopie-pour-medecin-generaliste-en-presentiel";"Dermoscopie en médecine générale"
"recCbftNwLfQYtukI";"92622525445";"Diabète de type 2 : appliquer les dernières recommandations sur la stratégie thérapeutique, Programme intégré (Classe virtuelle)";"Classe virtuelle";"Programme intégré";"www.medere.fr/formation/diabete-de-type-2";"Diabète de type 2 : appliquer les dernières recommandations sur la stratégie thérapeutique"
"rec9r4diyRt6pmB9Y";"92622325022";"Diagnostic et prise en charge de l’endométriose par le médecin généraliste (E-learning)";"E-Learning";"Formation continue";"";"Diagnostic et prise en charge de l’endométriose par le médecin généraliste"
"recqmFLqK2DA5iHzv";"92622325024";"Diagnostic et prise en charge de l’endométriose par le médecin spécialiste (E-learning)";"E-Learning";"Formation continue";"";"Diagnostic et prise en charge de l’endométriose par le médecin spécialiste"
"recILrAkJDfkQUI1V";"92622425387";"Diagnostic et prise en charge des acrosyndromes vasculaires, Programme intégré (Présentiel)";"Présentiel";"Programme intégré";"";"Diagnostic et prise en charge des acrosyndromes vasculaires"
"recKRHOwhplm3dIYV";"92622425381";"Douleur chronique du patient adulte : évaluation, traitement et prise en charge en médecine générale, Programme intégré (E-learning)";"E-Learning";"Programme intégré";"www.medere.fr/formation/douleur-chronique";"Douleur chronique du patient adulte : évaluation, traitement et prise en charge en médecine générale"
"recih8b8aUJmY9z3j";"92622425379";"Eczéma, Mycose et Psoriasis : prendre en charge ces pathologies dermatologiques courantes, Programme intégré (E-learning)";"E-Learning";"Programme intégré";"www.medere.fr/formation/pathologies-courantes-eczema-mycose-psoriasis";"Eczéma, Mycose et Psoriasis : prendre en charge ces pathologies dermatologiques courantes"
"recPBLkLmKEy0bA1b";"00000000007";"Education thérapeutique du patient dans la dermatite atopique";"E-Learning";"Formation continue";"www.medere.fr/formation/education-therapeutique-patient-dans-dermatite-atopique";"Education thérapeutique du patient dans la dermatite atopique"
"recvPO4lasaW4MIOD";"92622626018";"Évaluation et prévention du risque cardiovasculaire en médecine générale, Programme intégré (Présentiel)";"Présentiel";"Programme intégré";"www.medere.fr/formation/evaluation-et-prevention-risque-cardiovasculaire";"Évaluation et prévention du risque cardiovasculaire en médecine générale"
"recyVKHV4kzsXpRdL";"92622325083";"Évaluation et prise en charge de la douleur aiguë dans les pathologies musculo-squelettiques (E-learning)";"E-Learning";"Formation continue";"";"Évaluation et prise en charge de la douleur aiguë dans les pathologies musculo-squelettiques"
"rec3gYRnJ16dNmrsa";"92622325048";"Évaluation et prise en charge de la douleur chronique dans le cadre d'une consultation douleur (E-learning)";"E-Learning";"Formation continue";"";"Évaluation et prise en charge de la douleur chronique dans le cadre d'une consultation douleur"
"recQqjZkRRmuP8iwd";"92622325049";"Évaluation et prise en charge de la douleur chronique dans le cadre d’une consultation douleur, Programme intégré (E-learning)";"E-Learning";"Programme intégré";"www.medere.fr/formation/douleur-chronique-dans-le-cadre-consultation";"Évaluation et prise en charge de la douleur chronique dans le cadre d’une consultation douleur"
"recgcpmsf9crShnQq";"92622425420";"Formation validante Cone Beam CT (CBCT), Programme intégré (Classe virtuelle)";"Classe virtuelle";"Programme intégré";"www.medere.fr/formation/cone-beam-dentaire";"Formation validante Cone Beam CT (CBCT)"
"recjpTAj1FSZb6aqJ";"92622325304";"Gestion de la violence et de l’agressivité des patients et de leur entourage, Programme intégré (Présentiel)";"Présentiel";"Programme intégré";"www.medere.fr/formation/gestion-de-l-agressivite-des-patients";"Gestion de la violence et de l’agressivité des patients et de leur entourage"
"recVeaM9gaSGQUpCE";"92622525444";"Gestion du patient douloureux chronique au cabinet dentaire, Programme intégré (E-learning)";"E-Learning";"Programme intégré";"www.medere.fr/formation/douleur-dentaire";"Gestion du patient douloureux chronique au cabinet dentaire"
"recvTp3N3xoj19I8b";"92622626026";"GPT et IA au cabinet dentaire (Classe virtuelle)";"Classe virtuelle";"Formation continue";"";"GPT et IA au cabinet dentaire"
"recr9Od7peonBb9xQ";"92622525453";"GPT et IA au cabinet dentaire (E-learning)";"E-Learning";"Formation continue";"www.medere.fr/formation/gpt-ia-cabinet-dentaire";"GPT et IA au cabinet dentaire"
"recqgiqfGLuj182ST";"92622425390";"HTA : actualisation des connaissances dans la pratique généraliste, Programme intégré (E-learning)";"E-Learning";"Programme intégré";"www.medere.fr/formation/hta-medecine";"HTA : actualisation des connaissances dans la pratique généraliste"
"recsUoztRH0I86fWq";"92622525447";"Hypertension artérielle : appliquer les dernières recommandations, Programme intégré (Classe virtuelle)";"Classe virtuelle";"Programme intégré";"www.medere.fr/formation/hypertension-arterielle";"Hypertension artérielle : appliquer les dernières recommandations"
"rec7g0K2vhyQThVee";"92622525461";"Hypertension artérielle : appliquer les dernières recommandations, Programme intégré (Présentiel)";"Présentiel";"Programme intégré";"www.medere.fr/formation/hypertension-arterielle-hta";"Hypertension artérielle : appliquer les dernières recommandations"
"recbJRYejZZgtp3vv";"92622626011";"Impact des facteurs environnementaux et nutritionnels sur le microbiote intestinal (Classe virtuelle)";"Classe virtuelle";"Formation continue";"www.medere.fr/formation/impact-environnementaux-et-nutritionnels-sur-le-microbiote";"Impact des facteurs environnementaux et nutritionnels sur le microbiote intestinal"
"recnahmWE0Q94Olxe";"92622325260";"Impacts du cannabis sur la santé, Programme intégré (E-learning)";"E-Learning";"Programme intégré";"www.medere.fr/formation/cannabis-sante";"Impacts du cannabis sur la santé"
"recZdInv2TTWz0C3V";"92622325259";"Impacts du cannabis sur la santé (Psychiatres), Programme intégré (E-learning)";"E-Learning";"Programme intégré";"www.medere.fr/formation/impacts-cannabis";"Impacts du cannabis sur la santé (Psychiatres)"
"rec5uPG7UxiWSLUSW";"92622325091";"Impacts du cannabis sur la santé_psychiatres (E-learning)";"E-Learning";"Formation continue";"";"Impacts du cannabis sur la santé_psychiatres"
"receB8yItMFfJcMWO";"92622325092";"Infertilité et cancers : causes ou conséquences ? (E-learning)";"E-Learning";"Formation continue";"";"Infertilité et cancers : causes ou conséquences ?"
"recxTjGHmMFdSQKmg";"92622325146";"Infertilité et cancers (médecins spécialistes en gynécologie) (E-learning)";"E-Learning";"Formation continue";"";"Infertilité et cancers (médecins spécialistes en gynécologie)"
"recI5S8N4yxenDci2";"92622325153";"Infertilité et cancers (médecins spécialistes en oncologie) (E-learning)";"E-Learning";"Formation continue";"";"Infertilité et cancers (médecins spécialistes en oncologie)"
"recCaF4D4km0LZEt8";"92622325187";"Interactions entre addictions et troubles psychiques (Classe virtuelle)";"Classe virtuelle";"Formation continue";"www.medere.fr/formation/interactions-addictions-troubles-psychiques";"Interactions entre addictions et troubles psychiques"
"recBtoC3a1a4gzvfg";"92622325052";"Interactions entre addictions et troubles psychiques (E-learning)";"E-Learning";"Formation continue";"";"Interactions entre addictions et troubles psychiques"
"reclwQHc2eiwbaBuc";"92622325053";"Interactions entre addictions et troubles psychiques, Programme intégré (E-learning)";"E-Learning";"Programme intégré";"www.medere.fr/formation/addiction-et-sante-mentale";"Interactions entre addictions et troubles psychiques"
"reclTt29tGTQEmt40";"92622425416";"IRM Mammaire : nouvelles techniques et suivi des lésions mammaires, Programme intégré (Classe virtuelle)";"Classe virtuelle";"Programme intégré";"www.medere.fr/formation/irm-mammaire";"IRM Mammaire : nouvelles techniques et suivi des lésions mammaires"
"recyzEbXlsFL7WvVa";"92622425366";"Juste prescription du traitement du diabète de type II en médecine générale, Programme intégré (Présentiel)";"Présentiel";"Programme intégré";"www.medere.fr/formation/prescription-traitement-du-diabete-type-2";"Juste prescription du traitement du diabète de type II en médecine générale"
"recR4lvaPvtgVJSuU";"92622325041";"L’électrocardiogramme : un outil indispensable au diagnostic médical, Programme intégré (E-learning)";"E-Learning";"Programme intégré";"www.medere.fr/formation/ecg";"L’électrocardiogramme : un outil indispensable au diagnostic médical"
"reca3ZuupOJb1MpgQ";"92622325061";"L’électrocardiogramme : un outil indispensable au diagnostic médical (E-learning)";"E-Learning";"Formation continue";"";"L’électrocardiogramme : un outil indispensable au diagnostic médical"
"recwvdwt2kXC7RSFx";"92622325030";"L’électrocardiogramme : un outil indispensable au diagnostic médical, EPP (Présentiel)";"Présentiel";"Programme intégré";"www.medere.fr/formation/electrocardiogramme";"L’électrocardiogramme : un outil indispensable au diagnostic médical, EPP"
"recxcwYflengk1V1m";"92622425371";"L’électrocardiogramme dans tous ses états, Programme intégré (Présentiel)";"Présentiel";"Programme intégré";"www.medere.fr/formation/electrocardiogramme-ecg-presentiel";"L’électrocardiogramme dans tous ses états"
"recQAVrl18PxPvIh8";"92622525454";"L’hypnose thérapeutique en psychiatrie, Programme intégré (Classe virtuelle)";"Classe virtuelle";"Programme intégré";"www.medere.fr/formation/hypnose-therapeutique-pour-psychiatre";"L’hypnose thérapeutique en psychiatrie"
"rechZNJyQRu2YZV8B";"92622525455";"L’hypnose thérapeutique en psychiatrie, Programme intégré (Présentiel)";"Présentiel";"Programme intégré";"www.medere.fr/formation/hypnose-therapeutique-en-psychiatre-en-presentiel";"L’hypnose thérapeutique en psychiatrie"
"recxXPEyxTLduE2o6";"92622626007";"L’IA en santé pour les médecins (Classe virtuelle)";"Classe virtuelle";"Formation continue";"www.medere.fr/formation/ia-sante-medecins";"L’IA en santé pour les médecins"
"recHUiSwoEFnT0DBV";"92622626012";"L’IA en santé pour les médecins (Présentiel)";"Présentiel";"Formation continue";"www.medere.fr/formation/ia-en-sante-pour-les-medecins";"L’IA en santé pour les médecins"
"reciSJZM9DYsKnkHF";"92622325201";"La dentisterie adhésive dans la restauration de la dent dépulpée (E-learning)";"E-Learning";"Formation continue";"";"La dentisterie adhésive dans la restauration de la dent dépulpée"
"rec2HI9pcIaNPxGJK";"92622325027";"La dermatologie buccale en omnipratique : démarche diagnostique, prises en charge et pathologies à connaître (E-learning)";"E-Learning";"Formation continue";"";"La dermatologie buccale en omnipratique : démarche diagnostique, prises en charge et pathologies à connaître"
"rectVmhHarJ8WX6Uo";"92622425397";"La dermatologie buccale en omnipratique : démarche diagnostique, prises en charge et pathologies à connaître, Programme intégré (E-learning)";"E-Learning";"Programme intégré";"www.medere.fr/formation/dermatologie-buccale-en-omnipratique";"La dermatologie buccale en omnipratique : démarche diagnostique, prises en charge et pathologies à connaître"
"rec0b9SEr633x9lLO";"92622325318";"La dermatologie buccale en omnipratique : démarche diagnostique, prises en charge et pathologies à connaître, Programme intégré (Présentiel)";"Présentiel";"Programme intégré";"www.medere.fr/formation/dermatologie-buccale";"La dermatologie buccale en omnipratique : démarche diagnostique, prises en charge et pathologies à connaître"
"rectUzWC7jFlyYbhl";"92622425382";"La dermatoscopie en médecine générale, Programme intégré (E-learning)";"E-Learning";"Programme intégré";"www.medere.fr/formation/dermatoscopie-en-medecine-generale";"La dermatoscopie en médecine générale"
"recx6ixt2MrBFeHhB";"92622425368";"La dermoscopie en médecine générale, Programme intégré (Présentiel)";"Présentiel";"Programme intégré";"www.medere.fr/formation/dermoscopie-medecine-generale";"La dermoscopie en médecine générale"
"recRgn84ao7zl00e2";"92622425430";"La photographie en odontologie, Programme intégré (E-learning)";"E-Learning";"Programme intégré";"www.medere.fr/formation/la-photographie-en-odontologie";"La photographie en odontologie"
"recngvlGNXmrOb01l";"92622525464";"La photographie numérique en odontologie, Programme intégré (Présentiel)";"Présentiel";"Programme intégré";"www.medere.fr/formation/photographie-numerique-odontologie";"La photographie numérique en odontologie"
"recjqQZMEpj4VCQQO";"92622325119";"La prescription des formules infantiles et la diversification de l’alimentation chez le nourrisson (E-learning)";"Hybride";"Formation continue";"www.medere.fr/formation/prescription-formules-infantiles";"La prescription des formules infantiles et la diversification de l’alimentation chez le nourrisson"
"rechsKmmhuxX8u2tC";"92622325302";"La spirométrie en médecine générale, Programme intégré (Présentiel)";"Présentiel";"Programme intégré";"www.medere.fr/formation/spirometrie-en-medecine-generale";"La spirométrie en médecine générale"
"recpchycOJTR8QyVi";"92622626002";"Le retraitement endodontique : de l’échec à la réussite clinique (Présentiel)";"Présentiel";"Formation continue";"www.medere.fr/formation/retraitement-endodontique-presentiel";"Le retraitement endodontique : de l’échec à la réussite clinique"
"rec3sqmkqlIhwix1c";"92622325021";"Le syndrome des ovaires polykystiques : un syndrome fréquent aux multiples facettes, Programme intégré (E-learning)";"E-Learning";"Programme intégré";"";"Le syndrome des ovaires polykystiques : un syndrome fréquent aux multiples facettes"
"recbO8nN6yzp5k4f5";"92622325020";"Le syndrome des ovaires polykystiques : un syndrome fréquent aux multiples facettes_Médecins Généralistes (E-learning)";"E-Learning";"Formation continue";"";"Le syndrome des ovaires polykystiques : un syndrome fréquent aux multiples facettes_Médecins Généralistes"
"recUUxoAwOfzmUBil";"92622525476";"Les bruxismes : comprendre, dépister et prendre en charge en odontologie, Programme intégré (Classe virtuelle)";"Classe virtuelle";"Programme intégré";"https://www.medere.fr/formation/bruxisme-odontologie";"Les bruxismes : comprendre, dépister et prendre en charge en odontologie"
"recaWzo542ZSC901c";"00000000006";"Les erreurs médicales : dédramatiser et travailler nos erreurs";"E-Learning";"Formation continue";"www.medere.fr/formation/erreurs-medicales";"Les erreurs médicales : dédramatiser et travailler nos erreurs"
"rec70mp5kv21aaYrc";"92622525477";"Les préparations verticales, VertiPrep et BOPT, Programme intégré (Classe virtuelle)";"Classe virtuelle";"Programme intégré";"www.medere.fr/formation/preparations-verticales-vertiprep-bopt-classe-virtuelle";"Les préparations verticales, VertiPrep et BOPT"
"recTV1sTF5wR2KmKt";"92622525465";"Les préparations verticales, VertiPrep et BOPT, Programme intégré (Présentiel)";"Présentiel";"Programme intégré";"www.medere.fr/formation/preparations-verticales-vertiprep-bopt";"Les préparations verticales, VertiPrep et BOPT"
"rec4hmhpe8YvsvjR1";"92622325005";"Les prothèses amovibles complètes : modalités thérapeutiques actuelles (E-learning)";"E-Learning";"Formation continue";"www.medere.fr/formation/protheses-amovibles-completes";"Les prothèses amovibles complètes : modalités thérapeutiques actuelles"
"recXzyqLnPSnJ2soQ";"92622425378";"Les symptômes préoccupants en médecine générale : les spécificités diagnostiques, Programme intégré (E-learning)";"E-Learning";"Programme intégré";"www.medere.fr/formation/symptomes-preoccupants-en-medecine-generale";"Les symptômes préoccupants en médecine générale : les spécificités diagnostiques"
"recUKeacj0cL189gF";"92622425380";"Les troubles du sommeil : démarche diagnostique en médecine générale, Programme intégré (E-learning)";"E-Learning";"Programme intégré";"www.medere.fr/formation/trouble-du-sommeil-medecin";"Les troubles du sommeil : démarche diagnostique en médecine générale"
"recIFBiOyacpVu3eq";"92622425392";"Les troubles du sommeil : démarche diagnostique en médecine générale, Programme intégré (Présentiel)";"Présentiel";"Programme intégré";"www.medere.fr/formation/trouble-du-sommeil-medecine-generale";"Les troubles du sommeil : démarche diagnostique en médecine générale"
"recyRxSGYBiKaMiMg";"92622425413";"Les troubles du sommeil : les spécificités diagnostiques en médecine générale, Programme intégré (Classe virtuelle)";"Classe virtuelle";"Programme intégré";"www.medere.fr/formation/trouble-du-sommeil-medecin-generaliste";"Les troubles du sommeil : les spécificités diagnostiques en médecine générale"
"recE5MVqYXOiCpYgU";"92622425396";"Maîtriser les inlays / onlays / overlays : quels protocoles pour assurer la pérennité de la restauration ?, Programme intégré (Classe virtuelle)";"Classe virtuelle";"Programme intégré";"www.medere.fr/formation/inlays-onlays";"Maîtriser les inlays / onlays / overlays : quels protocoles pour assurer la pérennité de la restauration ?"
"reclc3p7HMppznjj7";"92622525443";"Maîtriser les inlays / onlays / overlays : quels protocoles pour assurer la pérennité de la restauration ?, Programme intégré (E-learning)";"E-Learning";"Programme intégré";"www.medere.fr/formation/maitriser-les-inlays-onlays-overlays";"Maîtriser les inlays / onlays / overlays : quels protocoles pour assurer la pérennité de la restauration ?"
"recyQY7umNtK4hUo5";"92622425407";"Maîtriser les inlays / onlays / overlays : quels protocoles pour assurer la pérennité de la restauration ?, Programme intégré (Présentiel)";"Présentiel";"Programme intégré";"www.medere.fr/formation/inlays-onlays-overlays";"Maîtriser les inlays / onlays / overlays : quels protocoles pour assurer la pérennité de la restauration ?"
"recRf2iHhVMsZeRCN";"92622626027";"Maladie de Parkinson : accompagnement en médecine générale, Programme intégré (Classe virtuelle)";"Classe virtuelle";"Programme intégré";"";"Maladie de Parkinson : accompagnement en médecine générale"
"recV529IzE8qioOo9";"92622325255";"Numérique en santé : la téléconsultation, bonnes pratiques et pertinence (Classe virtuelle)";"Classe virtuelle";"Formation continue";"www.medere.fr/formation/numerique-sante-teleconsultation-bonnes-pratiques";"Numérique en santé : la téléconsultation, bonnes pratiques et pertinence"
"recpo8SzOgTJVaN2A";"92622325085";"Nutrition infantile et diversification alimentaire chez le nourrisson de 0 à 36 mois : repères pour le médecin généraliste (E-learning)";"Hybride";"Formation continue";"www.medere.fr/formation/nutrition-nourrisson";"Nutrition infantile et diversification alimentaire chez le nourrisson de 0 à 36 mois : repères pour le médecin généraliste"
"recoGcPQ5fOtcfTxg";"92622525486";"Obésité de l’adulte : quel rôle pour les médecins en ville ?, Programme intégré (Classe virtuelle)";"Classe virtuelle";"Programme intégré";"www.medere.fr/formation/obesite-adulte-classe-virtuelle";"Obésité de l’adulte : quel rôle pour les médecins en ville ?"
"recz9Pv6tWD616yDv";"92622525459";"Obésité de l’adulte : quel rôle pour les médecins en ville ?, Programme intégré (Présentiel)";"Présentiel";"Programme intégré";"www.medere.fr/formation/obesite-adulte-medecins-ville";"Obésité de l’adulte : quel rôle pour les médecins en ville ?"
"recVcOgybpOuBWWPn";"00000000008";"Optimiser la cotation des consultations en médecine générale avec la nouvelle convention";"Classe virtuelle";"Formation continue";"www.medere.fr/formation/cotation-consultations-medecine-generale";"Optimiser la cotation des consultations en médecine générale avec la nouvelle convention"
"recKqxdKgPKnVnrJb";"92622325042";"Panorama de la vaccination pour les infirmier.e.s et les pharmaciens : actualités et controverses (E-learning)";"E-Learning";"Formation continue";"";"Panorama de la vaccination pour les infirmier.e.s et les pharmaciens : actualités et controverses"
"recirr6ZJnnlT3E5D";"92622325106";"Panorama de la vaccination pour les infirmier.e.s et les pharmaciens : actualités et controverses, Programme intégré (E-learning)";"E-Learning";"Programme intégré";"";"Panorama de la vaccination pour les infirmier.e.s et les pharmaciens : actualités et controverses"
"rec3IaAg4PfsxaBcD";"92622325300";"Panorama de la vaccination pour les médecins généralistes, pédiatres et les sage-femmes : actualités et controverses, Programme intégré (Classe virtuelle)";"Classe virtuelle";"Programme intégré";"www.medere.fr/formation/vaccination-pediatre-medecin-generaliste-sage-femme";"Panorama de la vaccination pour les médecins généralistes, pédiatres et les sage-femmes : actualités et controverses"
"recqH6f4ubfDEoE3Y";"92622425351";"Panorama de la vaccination pour les médecins généralistes, pédiatres et les sage-femmes : actualités et controverses, Programme intégré (Présentiel)";"Présentiel";"Programme intégré";"www.medere.fr/formation/vaccination-medecin-generaliste-pediatre-sage-femme";"Panorama de la vaccination pour les médecins généralistes, pédiatres et les sage-femmes : actualités et controverses"
"rec5OaWjtbnhIH5bk";"92622525482";"Parler de sexualité en consultation : à vous d’oser !, Programme intégré (Classe virtuelle)";"Classe virtuelle";"Programme intégré";"www.medere.fr/formation/sexualite-consultation-classe-virtuelle";"Parler de sexualité en consultation : à vous d’oser !"
"recvMtIDYuhE6lkoN";"92622525463";"Parler de sexualité en consultation : à vous d’oser !, Programme intégré (Présentiel)";"Présentiel";"Programme intégré";"www.medere.fr/formation/sexualite-consultation";"Parler de sexualité en consultation : à vous d’oser !"
"recnzxvuQjqYjAGgp";"92622626023";"Parodontie non chirurgicale : comprendre, diagnostiquer, traiter, Programme Intégré (Classe virtuelle)";"Classe virtuelle";"Programme intégré";"";"Parodontie non chirurgicale : comprendre, diagnostiquer, traiter"
"recdeUPozKYylsseo";"92622325137";"Pathologies digestives : quel raisonnement adopter face aux symptômes dermatologiques, à l’examen chez l’enfant ? (E-learning)";"E-Learning";"Formation continue";"www.medere.fr/formation/pathologies-digestives-dermatologie";"Pathologies digestives : quel raisonnement adopter face aux symptômes dermatologiques, à l’examen chez l’enfant ?"
"rec9toCXhx5FWyasR";"92622425352";"Pertinence des soins pour les veines saphènes et les récidives (Présentiel)";"Présentiel";"Formation continue";"";"Pertinence des soins pour les veines saphènes et les récidives"
"recafYb1A4oalzezG";"92622425433";"Perturbateurs endocriniens : quels risques pour la santé ? (Classe virtuelle)";"Classe virtuelle";"Formation continue";"https://www.medere.fr/formation/perturbateurs-endocriniens";"Perturbateurs endocriniens : quels risques pour la santé ?"
"rec3BCBpEYC9Lj3qa";"92622425432";"Perturbateurs endocriniens : quels risques pour la santé ? (Présentiel)";"Présentiel";"Formation continue";"www.medere.fr/formation/risques-perturbateurs-endocriniens";"Perturbateurs endocriniens : quels risques pour la santé ?"
"recplqtLacZybnOpX";"92622425435";"Perturbateurs endocriniens : quels risques pour la santé ? (Hors Médecins) (Classe virtuelle)";"Classe virtuelle";"Formation continue";"";"Perturbateurs endocriniens : quels risques pour la santé ? (Hors Médecins)"
"recltwMPsv0cAgdkv";"92622425434";"Perturbateurs endocriniens : quels risques pour la santé ? (Hors Médecins) (Présentiel)";"Présentiel";"Formation continue";"www.medere.fr/formation/perturbateurs-endocriniens-risques-sante";"Perturbateurs endocriniens : quels risques pour la santé ? (Hors Médecins)"
"recx0WG9eDmNA1odw";"92622626008";"Pollutions Environnementales, Périnatalité et Grossesse : des liaisons dangereuses (Classe virtuelle)";"Classe virtuelle";"Formation continue";"www.medere.fr/formation/pollutions-environnementales-perinatalite-et-grossesse";"Pollutions Environnementales, Périnatalité et Grossesse : des liaisons dangereuses"
"recXxPJgWWaD9XGxB";"92622325269";"Prévention et prise en charge de la santé contraceptive chez la femme (E-learning)";"E-Learning";"Formation continue";"www.medere.fr/formation/contraception";"Prévention et prise en charge de la santé contraceptive chez la femme"
"rec0sfiIAhIvQIuJX";"92622425374";"Prévention, contrôle des infections et bon usage des antibiotiques en médecine générale, Programme intégré (E-learning)";"E-Learning";"Programme intégré";"www.medere.fr/formation/usage-antibiotiques";"Prévention, contrôle des infections et bon usage des antibiotiques en médecine générale"
"recnaHYJ6NF5AQLNf";"92622525436";"Prévention, contrôle des infections et bon usage des antibiotiques en médecine générale, Programme intégré (Présentiel)";"Présentiel";"Programme intégré";"";"Prévention, contrôle des infections et bon usage des antibiotiques en médecine générale"
"recA9Si2jUx5dfizl";"92622425375";"Prévention, dépistage et prise en charge des IST par le médecin généraliste, Programme intégré (E-learning)";"E-Learning";"Programme intégré";"www.medere.fr/formation/ist";"Prévention, dépistage et prise en charge des IST par le médecin généraliste"
"recsVvCEXXC3nbiSV";"92622425377";"Prévention, dépistage et suivi des cancers cutanés par le médecin généraliste, Programme intégré (E-learning)";"E-Learning";"Programme intégré";"www.medere.fr/formation/cancer-cutane";"Prévention, dépistage et suivi des cancers cutanés par le médecin généraliste"
"rechb3LhvdoHVRkoc";"92622525485";"Prise en charge clinique en odontologie pédiatrique : prévention et thérapeutiques minimalement invasives, Programme intégré (Présentiel)";"Présentiel";"Programme intégré";"www.medere.fr/formation/odontologie-pediatrique-prevention";"Prise en charge clinique en odontologie pédiatrique : prévention et thérapeutiques minimalement invasives"
"recMPQV6ndNlGYnte";"92622525468";"Prise en charge de l’épisode aigu de lombalgie en kinésithérapie, Programme intégré (Classe virtuelle)";"Classe virtuelle";"Programme intégré";"www.medere.fr/formation/episode-aigu-lombalgie-kinesitherapie";"Prise en charge de l’épisode aigu de lombalgie en kinésithérapie"
"recOn5Jod4Mdrv3hC";"92622525467";"Prise en charge de la hernie discale non opérée en kinésithérapie, Programme intégré (Classe virtuelle)";"Classe virtuelle";"Programme intégré";"www.medere.fr/formation/hernie-discale-non-operee-kinesitherapie";"Prise en charge de la hernie discale non opérée en kinésithérapie"
"rec4pU3H9HkiAjIX0";"92622325006";"Prise en charge de la traumatologie dentaire (E-learning)";"E-Learning";"Formation continue";"";"Prise en charge de la traumatologie dentaire"
"rechx1HQ7ubzT2Sbt";"92622425388";"Prise en charge de la traumatologie dentaire, Programme intégré (E-learning)";"E-Learning";"Programme intégré";"www.medere.fr/formation/traumatologie-dentaire";"Prise en charge de la traumatologie dentaire"
"recFhp8OBMsjEsiQE";"92622525469";"Prise en charge des pathologies de l’épaule en kinésithérapie, Programme intégré (Classe virtuelle)";"Classe virtuelle";"Programme intégré";"www.medere.fr/formation/pathologies-epaule-kinesitherapie";"Prise en charge des pathologies de l’épaule en kinésithérapie"
"recCNQk0rj1tL4f3z";"92622626013";"Prise en charge implantaire de l’édentement en omnipratique (Classe virtuelle)";"Classe virtuelle";"Formation continue";"www.medere.fr/formation/prise-en-charge-implantaire-edentement";"Prise en charge implantaire de l’édentement en omnipratique"
"recoeu76MuxGMIgpj";"92622425406";"Quand passer à une réhabilitation implantaire complète ?, Programme intégré (Présentiel)";"Présentiel";"Programme intégré";"www.medere.fr/formation/rehabilitation-implantaire";"Quand passer à une réhabilitation implantaire complète ?"
"reck7yDQELBIryMLv";"92622325055";"Radioprotection des patients en chirurgie-dentaire, Programme intégré (Classe virtuelle)";"Classe virtuelle";"Programme intégré";"www.medere.fr/formation/radioprotection-des-patients";"Radioprotection des patients en chirurgie-dentaire"
"recaNxhPljAJt4F42";"00000000005";"Radioprotection des patients en chirurgie-dentaire";"E-Learning";"Formation continue";"www.medere.fr/formation/radioprotection-chirurgie-dentaire";"Radioprotection des patients en chirurgie-dentaire"
"rec1wk0FIeSEptB1m";"92622325226";"Radioprotection des patients en chirurgie-dentaire, Programme intégré (Présentiel)";"Présentiel";"Programme intégré";"";"Radioprotection des patients en chirurgie-dentaire"
"recRuCuRyyluf4ELv";"92622425386";"Recommandations des bonnes pratiques dans la prise en charge des troubles de la thyroïde en médecine générale, Programme intégré (Présentiel)";"Présentiel";"Programme intégré";"www.medere.fr/formation/trouble-de-la-thyroide";"Recommandations des bonnes pratiques dans la prise en charge des troubles de la thyroïde en médecine générale"
"rec1PJ26ualUKIfnh";"00000000006";"Recyclage - Formation aux Gestes et Soins d’Urgence (AFGSU Niveau 2)";"Présentiel";"";"";"Recyclage - Formation aux Gestes et Soins d’Urgence (AFGSU Niveau 2)"
"recE6HwayzrHaUnT3";"00000000004";"Recyclage - Formation aux Gestes et Soins d’Urgence (AFGSU Niveau 2)";"Présentiel";"";"";"Recyclage - Formation aux Gestes et Soins d’Urgence (AFGSU Niveau 2)"
"recEegU13sau9qEW7";"92622325305";"Red flags en dermatologie, Programme intégré (Classe virtuelle)";"Classe virtuelle";"Programme intégré";"www.medere.fr/formation/red-flags-dermatologie";"Red flags en dermatologie"
"rec4ENY8lmGN1GdOD";"92622525450";"Refus scolaire anxieux : repérage et accompagnement, Programme intégré (Classe virtuelle)";"Classe virtuelle";"Programme intégré";"www.medere.fr/formation/refus-scolaire-anxieux";"Refus scolaire anxieux : repérage et accompagnement"
"reclmkd58zQ46NrIz";"92622525446";"Remise en forme en endodontie : comment gérer efficacement le traitement initial ?, Programme intégré (Classe virtuelle)";"Classe virtuelle";"Programme intégré";"www.medere.fr/formation/remise-en-forme-endodontie";"Remise en forme en endodontie : comment gérer efficacement le traitement initial ?"
"recIf0KlUHnypNVie";"92622626024";"Repérage des violences faites aux femmes (Présentiel)";"Présentiel";"Formation continue";"www.medere.fr/formation/reperage-violence-faites-aux-femmes";"Repérage des violences faites aux femmes"
"recTW239wMnqpadsy";"92622425412";"Repérage et diagnostic des anomalies du neurodéveloppement au cours des 999 premiers jours, Programme intégré (Classe virtuelle)";"Classe virtuelle";"Programme intégré";"www.medere.fr/formation/neurodeveloppement-des-999-premiers-jours-reperage-des-anomalies";"Repérage et diagnostic des anomalies du neurodéveloppement au cours des 999 premiers jours"
"recchhf5115NdTUPG";"92622425393";"Repérage et diagnostic des anomalies du neurodéveloppement au cours des 999 premiers jours, Programme intégré (E-learning)";"E-Learning";"Programme intégré";"www.medere.fr/formation/troubles-du-neurodeveloppement-999-premiers-jours";"Repérage et diagnostic des anomalies du neurodéveloppement au cours des 999 premiers jours"
"reczKXHeNhmFrFHXE";"92622325202";"Repérage et diagnostic des troubles du neurodéveloppement au cours des 999 premiers jours (E-learning)";"E-Learning";"Formation continue";"";"Repérage et diagnostic des troubles du neurodéveloppement au cours des 999 premiers jours"
"recTBT3GbFwRLVvmw";"92622525457";"Repérer et agir face aux violences faites aux enfants, Programme intégré (Classe virtuelle)";"Classe virtuelle";"Programme intégré";"www.medere.fr/formation/reperage-action-violences-enfants-classe-virtuelle";"Repérer et agir face aux violences faites aux enfants"
"rec5I5ag6wwFZdFGJ";"92622525456";"Repérer et agir face aux violences faites aux enfants, Programme intégré (Présentiel)";"Présentiel";"Programme intégré";"www.medere.fr/formation/reperage-action-violences-enfants-presentiel";"Repérer et agir face aux violences faites aux enfants"
"rec04AVyQmdxY5KVp";"92622425394";"Repérer et prendre en charge les symptômes associés au COVID long, Programme intégré (E-learning)";"E-Learning";"Programme intégré";"www.medere.fr/formation/covid-long";"Repérer et prendre en charge les symptômes associés au COVID long"
"recRNGLSG0SxuS8cz";"92622425395";"Restauration adhésive de la dent dépulpée, Programme intégré (Classe virtuelle)";"Classe virtuelle";"Programme intégré";"www.medere.fr/formation/restauration-adhesive-de-la-dent-depulpee";"Restauration adhésive de la dent dépulpée"
"rec3WRNdXvOESjkqi";"92622425389";"Restauration adhésive de la dent dépulpée, Programme intégré (E-learning)";"E-Learning";"Programme intégré";"www.medere.fr/formation/dent-depulpee";"Restauration adhésive de la dent dépulpée"
"rec6l5GymmwDgFvDE";"92622626004";"Santé mentale périnatale : repérage et prise en soin coordonnée, Programme intégré (Classe virtuelle)";"Classe virtuelle";"Programme intégré";"www.medere.fr/formation/sante-mentale-perinatale-reperage";"Santé mentale périnatale : repérage et prise en soin coordonnée"
"recG3fgF2SBKYzTEe";"92622626003";"Santé mentale périnatale : repérage et prise en soin coordonnée, Programme intégré (Présentiel)";"Présentiel";"Programme intégré";"www.medere.fr/formation/sante-mentale-perinatale";"Santé mentale périnatale : repérage et prise en soin coordonnée"
"recHPYyhiWg2hbxdb";"92622525471";"Signes d’alerte en Dermatologie, Programme intégré (E-learning)";"E-Learning";"Programme intégré";"www.medere.fr/formation/signes-alerte-dermatologie";"Signes d’alerte en Dermatologie"
"rec46c8rD2NFU9oSy";"92622325233";"Spécificités de la dermatologie sur la peau foncée et cheveux crépus pour le médecin généraliste : repérage et diagnostic (E-learning)";"E-Learning";"Formation continue";"";"Spécificités de la dermatologie sur la peau foncée et cheveux crépus pour le médecin généraliste : repérage et diagnostic"
"recjvFd6f081xG8Mv";"92622325296";"Spécificités de la dermatologie sur la peau foncée et cheveux crépus pour le médecin généraliste : repérage et diagnostic, Programme intégré (E-learning)";"E-Learning";"Programme intégré";"www.medere.fr/formation/dermatologie-peau-foncee";"Spécificités de la dermatologie sur la peau foncée et cheveux crépus pour le médecin généraliste : repérage et diagnostic"
"recEvKS1EW0dT4nN0";"92622425391";"Stratégies diagnostiques et thérapeutiques dans la prise en charge des troubles bipolaires, Programme intégré (E-learning)";"E-Learning";"Programme intégré";"www.medere.fr/formation/troubles-bipolaires";"Stratégies diagnostiques et thérapeutiques dans la prise en charge des troubles bipolaires"
"reca7171QCqPSyM9Y";"92622325071";"Stratégies diagnostiques et thérapeutiques dans la prise en charge des troubles bipolaires (E-learning)";"E-Learning";"Formation continue";"";"Stratégies diagnostiques et thérapeutiques dans la prise en charge des troubles bipolaires"
"recM3nRAUHOOmrSQ2";"92622325195";"Stratégies diagnostiques et thérapeutiques dans la prise en charge des troubles bipolaires, Programme intégré (Présentiel)";"Présentiel";"Programme intégré";"www.medere.fr/formation/trouble-bipolaire";"Stratégies diagnostiques et thérapeutiques dans la prise en charge des troubles bipolaires"
"recVl21RhziAYMlIf";"92622525458";"Stratégies diagnostiques et thérapeutiques dans la prise en charge des troubles bipolaires, Programme intégré (Présentiel)";"Présentiel";"Programme intégré";"www.medere.fr/formation/strategies-diagnostiques-therapeutiques-troubles-bipolaires";"Stratégies diagnostiques et thérapeutiques dans la prise en charge des troubles bipolaires"
"recto7LA3HlXJOzx7";"92622525441";"Suivi de la croissance et du développement digestif du petit enfant, Programme intégré (Présentiel)";"Présentiel";"Programme intégré";"";"Suivi de la croissance et du développement digestif du petit enfant"
"rec83uxbGKLsgHsC9";"92622425376";"Suivi de la femme enceinte : rôle du médecin généraliste (E-learning)";"E-Learning";"Formation continue";"www.medere.fr/formation/suivi-grossesse-par-medecin-generaliste";"Suivi de la femme enceinte : rôle du médecin généraliste"
"rec9e6gXvP9rzvWEj";"92622325317";"Suivi gynécologique de la femme et prise en charge de la ménopause, Programme intégré (Présentiel)";"Présentiel";"Programme intégré";"www.medere.fr/formation/suivi-gynecologique-de-la-femme-menopause";"Suivi gynécologique de la femme et prise en charge de la ménopause"
"recxsUj6dm4DVZuag";"92622425372";"Symptomatologie pédiatrique courante en médecine générale : les spécificités diagnostiques, Programme intégré (E-learning)";"E-Learning";"Programme intégré";"www.medere.fr/formation/symptomatologie-pediatrique-medecine-generale";"Symptomatologie pédiatrique courante en médecine générale : les spécificités diagnostiques"
"rec7VZK9llmxx60Rq";"92622425418";"TDAH : Prise en charge chez l’adolescent de plus de 15 ans et l’adulte, Programme intégré (E-learning)";"E-Learning";"Programme intégré";"www.medere.fr/formation/tdah-adulte-adolescent";"TDAH : Prise en charge chez l’adolescent de plus de 15 ans et l’adulte"
"recNaPK56GTkoossc";"92622525437";"Techniques contemporaines des restaurations antérieures directes et indirectes : comprendre les protocoles, Programme intégré (Classe virtuelle)";"Classe virtuelle";"Programme intégré";"";"Techniques contemporaines des restaurations antérieures directes et indirectes : comprendre les protocoles"
"recjhHey0TR333y2X";"92622525438";"Techniques contemporaines des restaurations antérieures directes et indirectes : comprendre les protocoles, Programme intégré (Présentiel)";"Présentiel";"Programme intégré";"";"Techniques contemporaines des restaurations antérieures directes et indirectes : comprendre les protocoles"
"reccroR0Sbw4cemZk";"92622626028";"Traitements médicamenteux de l’obésité et accompagnement nutritionnel (Présentiel)";"Présentiel";"Formation continue";"www.medere.fr/formation/traitements-medicamenteux-obesite";"Traitements médicamenteux de l’obésité et accompagnement nutritionnel"
"recQeSR8kVFz8qHQT";"92622325316";"Trouble du neurodéveloppement / TDAH : repérage, diagnostic et prise en charge chez l’enfant après 7 ans, l’adolescent et l’adulte, Programme intégré (Classe virtuelle)";"Classe virtuelle";"Programme intégré";"www.medere.fr/formation/trouble-du-deficit-de-l-attention";"Trouble du neurodéveloppement / TDAH : repérage, diagnostic et prise en charge chez l’enfant après 7 ans, l’adolescent et l’adulte"
"recge3PQy6tAzb3p4";"92622325290";"Trouble du neurodéveloppement / TDAH : repérage, diagnostic et prise en charge chez l’enfant après 7 ans, l’adolescent et l’adulte, Programme intégré (Présentiel)";"Présentiel";"Programme intégré";"www.medere.fr/formation/diagnostic-tdah";"Trouble du neurodéveloppement / TDAH : repérage, diagnostic et prise en charge chez l’enfant après 7 ans, l’adolescent et l’adulte"
"recKso38sgdvNXJ5e";"92622325044";"Troubles anxieux et épisode dépressif caractérisé : diagnostic et prise en charge (E-learning)";"E-Learning";"Formation continue";"";"Troubles anxieux et épisode dépressif caractérisé : diagnostic et prise en charge"
"recdB4D5RbXKUH1hg";"92622325046";"Troubles anxieux et épisode dépressif caractérisé : diagnostic et prise en charge, Programme intégré (E-learning)";"E-Learning";"Programme intégré";"www.medere.fr/formation/troubles-anxieux";"Troubles anxieux et épisode dépressif caractérisé : diagnostic et prise en charge"
"recCLDRMpigk5P5yD";"92622425384";"Troubles anxieux et épisode dépressif caractérisé : diagnostic et prise en charge, Programme intégré (Présentiel)";"Présentiel";"Programme intégré";"www.medere.fr/formation/troubles-anxieux-et-episode-depressif-";"Troubles anxieux et épisode dépressif caractérisé : diagnostic et prise en charge"
"recOU8gwjS2B6ukbi";"92622425402";"Troubles du sommeil : les spécificités diagnostiques en médecine générale, Programme intégré (Présentiel)";"Présentiel";"Programme intégré";"www.medere.fr/formation/troubles-sommeil-specificites-diagnostiques-medecine-generale-presentiel";"Troubles du sommeil : les spécificités diagnostiques en médecine générale"
"recFiLjF2W0RTVulD";"92622525451";"Troubles du sommeil de l’enfant : démarche diagnostique en médecine générale, Programme intégré (Classe virtuelle)";"Classe virtuelle";"Programme intégré";"www.medere.fr/formation/trouble-du-sommeil-enfant";"Troubles du sommeil de l’enfant : démarche diagnostique en médecine générale"
